{
  "amf": {
    "chad": {
      "grant_size": 1000000.0,
      "cost_per_under5_reached": 15.18872526,
      "people_under5_reached": 65838.30986,
      "years_effective_coverage": 1.965608617,
      "malaria_mortality_rate": 0.001508254121,
      "itn_effect_on_deaths": 0.2402078397,
      "deaths_averted_under5": 46.8853777,
      "cost_per_under5_death_averted": 21328.61137,
      "initial_x_benchmark": 1.6368012,
      "adjustment_older_mortalities": 0.2969752467,
      "adjustment_developmental": 0.6089414816,
      "adjustment_program_benefits": 0.529,
      "adjustment_grantee": -0.04,
      "adjustment_leverage": -0.008308060237,
      "adjustment_funging": -0.0302403437,
      "final_x_benchmark": 4.820299402,
      "final_cost_per_life_saved": 15638.66725
    },
    "drc": {
      "grant_size": 1000000.0,
      "cost_per_under5_reached": 26.23829482,
      "people_under5_reached": 38112.23279,
      "years_effective_coverage": 1.192516657,
      "malaria_mortality_rate": 0.007982855406,
      "itn_effect_on_deaths": 0.558318464,
      "deaths_averted_under5": 202.5671883,
      "cost_per_under5_death_averted": 4936.633659,
      "initial_x_benchmark": 7.071761672,
      "adjustment_older_mortalities": 0.1494882031,
      "adjustment_developmental": 0.4916448888,
      "adjustment_program_benefits": 0.479,
      "adjustment_grantee": -0.04,
      "adjustment_leverage": -0.004114250426,
      "adjustment_funging": -0.1461607338,
      "final_x_benchmark": 14.62902526,
      "final_cost_per_life_saved": 5100.994521
    },
    "guinea": {
      "grant_size": 1000000.0,
      "cost_per_under5_reached": 17.70918353,
      "people_under5_reached": 56467.87714,
      "years_effective_coverage": 1.965608617,
      "malaria_mortality_rate": 0.008802499665,
      "itn_effect_on_deaths": 0.4600684292,
      "deaths_averted_under5": 449.4971659,
      "cost_per_under5_death_averted": 2224.708132,
      "initial_x_benchmark": 15.69225922,
      "adjustment_older_mortalities": 0.1942628175,
      "adjustment_developmental": 0.3155709332,
      "adjustment_program_benefits": 0.379,
      "adjustment_grantee": -0.04,
      "adjustment_leverage": -0.001382525591,
      "adjustment_funging": -0.3003019883,
      "final_x_benchmark": 22.79223041,
      "final_cost_per_life_saved": 2940.580429
    },
    "nigeria_gf": {
      "grant_size": 1000000.0,
      "cost_per_under5_reached": 21.92266447,
      "people_under5_reached": 45614.89327,
      "years_effective_coverage": 1.965608617,
      "malaria_mortality_rate": 0.005508102085,
      "itn_effect_on_deaths": 0.5016739686,
      "deaths_averted_under5": 247.7577553,
      "cost_per_under5_death_averted": 4036.200598,
      "initial_x_benchmark": 8.649395848,
      "adjustment_older_mortalities": 0.3669750311,
      "adjustment_developmental": 0.3926438401,
      "adjustment_program_benefits": 0.479,
      "adjustment_grantee": -0.04,
      "adjustment_leverage": -0.001698012775,
      "adjustment_funging": -0.280617756,
      "final_x_benchmark": 16.77873555,
      "final_cost_per_life_saved": 3846.913247
    },
    "nigeria_pmi": {
      "grant_size": 1000000.0,
      "cost_per_under5_reached": 21.92266447,
      "people_under5_reached": 45614.89327,
      "years_effective_coverage": 1.31712103,
      "malaria_mortality_rate": 0.004797231947,
      "itn_effect_on_deaths": 0.5016739686,
      "deaths_averted_under5": 144.5921218,
      "cost_per_under5_death_averted": 6916.006123,
      "initial_x_benchmark": 5.04781171,
      "adjustment_older_mortalities": 0.4319031483,
      "adjustment_developmental": 0.5069783506,
      "adjustment_program_benefits": 0.479,
      "adjustment_grantee": -0.04,
      "adjustment_leverage": -0.003159222382,
      "adjustment_funging": -0.1400660492,
      "final_x_benchmark": 13.25042655,
      "final_cost_per_life_saved": 5191.904725
    },
    "south_sudan": {
      "grant_size": 1000000.0,
      "cost_per_under5_reached": 25.0474119,
      "people_under5_reached": 39924.28456,
      "years_effective_coverage": 1.26901599,
      "malaria_mortality_rate": 0.004952000966,
      "itn_effect_on_deaths": 0.4018858601,
      "deaths_averted_under5": 100.8295162,
      "cost_per_under5_death_averted": 9917.730812,
      "initial_x_benchmark": 3.52002866,
      "adjustment_older_mortalities": 0.1380293717,
      "adjustment_developmental": 0.4541608686,
      "adjustment_program_benefits": 0.379,
      "adjustment_grantee": -0.04,
      "adjustment_leverage": -0.01129290244,
      "adjustment_funging": -0.05985331551,
      "final_x_benchmark": 7.163000428,
      "final_cost_per_life_saved": 10710.11937
    },
    "togo": {
      "grant_size": 1000000.0,
      "cost_per_under5_reached": 23.04674709,
      "people_under5_reached": 43390.07132,
      "years_effective_coverage": 1.965608617,
      "malaria_mortality_rate": 0.003125463445,
      "itn_effect_on_deaths": 0.3892651892,
      "deaths_averted_under5": 103.7641668,
      "cost_per_under5_death_averted": 9637.238279,
      "initial_x_benchmark": 3.622479354,
      "adjustment_older_mortalities": 0.9524234675,
      "adjustment_developmental": 0.6156760124,
      "adjustment_program_benefits": 0.379,
      "adjustment_grantee": -0.04,
      "adjustment_leverage": -0.001691670199,
      "adjustment_funging": -0.4161821599,
      "final_x_benchmark": 8.806165397,
      "final_cost_per_life_saved": 7966.478396
    },
    "uganda": {
      "grant_size": 1000000.0,
      "cost_per_under5_reached": 22.14787358,
      "people_under5_reached": 45151.0614,
      "years_effective_coverage": 1.965608617,
      "malaria_mortality_rate": 0.006442007678,
      "itn_effect_on_deaths": 0.513467417,
      "deaths_averted_under5": 293.5615279,
      "cost_per_under5_death_averted": 3406.440916,
      "initial_x_benchmark": 10.24843746,
      "adjustment_older_mortalities": 0.1506696907,
      "adjustment_developmental": 0.4724033031,
      "adjustment_program_benefits": 0.379,
      "adjustment_grantee": -0.04,
      "adjustment_leverage": -0.001853405826,
      "adjustment_funging": -0.319351647,
      "final_x_benchmark": 15.60303965,
      "final_cost_per_life_saved": 4897.784622
    }
  }
}