{
  "amf": {
    "chad": {
      "costPerUnder5Reached": 7.7272378268518445,
      "yearsEffectiveCoverage": 1.965608617,
      "malariaMortalityRate": 0.001318997688,
      "itnEffectOnDeaths": 0.2402078397,
      "moralWeightUnder5": 116.25262,
      "moralWeight5Plus": 73.1914,
      "adjustmentOlderMortalities": 0.47169681817450737,
      "adjustmentDevelopmental": 0.42208607116088437,
      "adjustmentProgramBenefits": 0.5,
      "adjustmentGrantee": -0.04,
      "adjustmentLeverage": -0.008308060237,
      "adjustmentFunging": -0.0302403437,
      "adjustmentLeverageFungingForCostPerLife": -0.03854840393
    },
    "drc": {
      "costPerUnder5Reached": 22.00245560826086,
      "yearsEffectiveCoverage": 1.192516657,
      "malariaMortalityRate": 0.00305644734,
      "itnEffectOnDeaths": 0.558318464,
      "moralWeightUnder5": 116.25262,
      "moralWeight5Plus": 73.1914,
      "adjustmentOlderMortalities": 0.237437667144635,
      "adjustmentDevelopmental": 0.3407822685279659,
      "adjustmentProgramBenefits": 0.5,
      "adjustmentGrantee": -0.04,
      "adjustmentLeverage": -0.004114250426,
      "adjustmentFunging": -0.1461607338,
      "adjustmentLeverageFungingForCostPerLife": -0.1502749842
    },
    "guinea": {
      "costPerUnder5Reached": 9.009516634396245,
      "yearsEffectiveCoverage": 1.965608617,
      "malariaMortalityRate": 0.003673911359,
      "itnEffectOnDeaths": 0.4600684292,
      "moralWeightUnder5": 116.25262,
      "moralWeight5Plus": 73.1914,
      "adjustmentOlderMortalities": 0.3085548506680807,
      "adjustmentDevelopmental": 0.21873710270948332,
      "adjustmentProgramBenefits": 0.5,
      "adjustmentGrantee": -0.04,
      "adjustmentLeverage": -0.001382525591,
      "adjustmentFunging": -0.3003019883,
      "adjustmentLeverageFungingForCostPerLife": -0.3016845139
    },
    "nigeria_gf": {
      "costPerUnder5Reached": 11.153117808796214,
      "yearsEffectiveCoverage": 1.965608617,
      "malariaMortalityRate": 0.002704804276,
      "itnEffectOnDeaths": 0.5016739686,
      "moralWeightUnder5": 116.25262,
      "moralWeight5Plus": 73.1914,
      "adjustmentOlderMortalities": 0.58288007665042,
      "adjustmentDevelopmental": 0.2721599706548075,
      "adjustmentProgramBenefits": 0.5,
      "adjustmentGrantee": -0.04,
      "adjustmentLeverage": -0.001698012775,
      "adjustmentFunging": -0.280617756,
      "adjustmentLeverageFungingForCostPerLife": -0.2823157688
    },
    "nigeria_pmi": {
      "costPerUnder5Reached": 16.64438116351702,
      "yearsEffectiveCoverage": 1.31712103,
      "malariaMortalityRate": 0.002906550552,
      "itnEffectOnDeaths": 0.5016739686,
      "moralWeightUnder5": 116.25262,
      "moralWeight5Plus": 73.1914,
      "adjustmentOlderMortalities": 0.6860078176818069,
      "adjustmentDevelopmental": 0.35141061442294236,
      "adjustmentProgramBenefits": 0.5,
      "adjustmentGrantee": -0.04,
      "adjustmentLeverage": -0.003159222382,
      "adjustmentFunging": -0.1400660492,
      "adjustmentLeverageFungingForCostPerLife": -0.1432252715
    },
    "south_sudan": {
      "costPerUnder5Reached": 19.73766454128133,
      "yearsEffectiveCoverage": 1.26901599,
      "malariaMortalityRate": 0.002516179553,
      "itnEffectOnDeaths": 0.4018858601,
      "moralWeightUnder5": 116.25262,
      "moralWeight5Plus": 73.1914,
      "adjustmentOlderMortalities": 0.21923717947979204,
      "adjustmentDevelopmental": 0.31480032553361653,
      "adjustmentProgramBenefits": 0.5,
      "adjustmentGrantee": -0.04,
      "adjustmentLeverage": -0.01129290244,
      "adjustmentFunging": -0.05985331551,
      "adjustmentLeverageFungingForCostPerLife": -0.07114621795
    },
    "togo": {
      "costPerUnder5Reached": 11.724992907894746,
      "yearsEffectiveCoverage": 1.965608617,
      "malariaMortalityRate": 0.001639136168,
      "itnEffectOnDeaths": 0.3892651892,
      "moralWeightUnder5": 116.25262,
      "moralWeight5Plus": 73.1914,
      "adjustmentOlderMortalities": 1.5127695797196918,
      "adjustmentDevelopmental": 0.42675409186909896,
      "adjustmentProgramBenefits": 0.5,
      "adjustmentGrantee": -0.04,
      "adjustmentLeverage": -0.001691670199,
      "adjustmentFunging": -0.4161821599,
      "adjustmentLeverageFungingForCostPerLife": -0.4178738301
    },
    "uganda": {
      "costPerUnder5Reached": 11.267692556909397,
      "yearsEffectiveCoverage": 1.965608617,
      "malariaMortalityRate": 0.002350482231,
      "itnEffectOnDeaths": 0.513467417,
      "moralWeightUnder5": 116.25262,
      "moralWeight5Plus": 73.1914,
      "adjustmentOlderMortalities": 0.23931426778760814,
      "adjustmentDevelopmental": 0.32744501769424805,
      "adjustmentProgramBenefits": 0.5,
      "adjustmentGrantee": -0.04,
      "adjustmentLeverage": -0.001853405826,
      "adjustmentFunging": -0.319351647,
      "adjustmentLeverageFungingForCostPerLife": -0.3212050528
    }
  },
  "malaria_consortium": {
    "burkina_faso": {
      "costPerChildReached": 7.079888783,
      "proportionMortalityDuringSeason": 0.7,
      "malariaMortalityRate": 0.00315503431,
      "smcEffect": 0.7936949983,
      "moralWeightUnder5": 116.25262,
      "adjustmentOlderMortalities": 0.07,
      "adjustmentDevelopmental": 0.25,
      "adjustmentProgramBenefits": 0.2,
      "adjustmentGrantee": -0.08,
      "adjustmentLeverage": -0.004005444451,
      "adjustmentFunging": -0.3963757375
    },
    "chad": {
      "costPerChildReached": 7.774884,
      "proportionMortalityDuringSeason": 0.7,
      "malariaMortalityRate": 0.002792265575,
      "smcEffect": 0.7936949983,
      "moralWeightUnder5": 116.25262,
      "adjustmentOlderMortalities": 0.07,
      "adjustmentDevelopmental": 0.25,
      "adjustmentProgramBenefits": 0.2,
      "adjustmentGrantee": -0.08,
      "adjustmentLeverage": -0.005978161521,
      "adjustmentFunging": -0.2278305143
    },
    "cote_divoire": {
      "costPerChildReached": 12.628485,
      "proportionMortalityDuringSeason": 0.7,
      "malariaMortalityRate": 0.002741628515,
      "smcEffect": 0.7936949983,
      "moralWeightUnder5": 116.25262,
      "adjustmentOlderMortalities": 0.07,
      "adjustmentDevelopmental": 0.25,
      "adjustmentProgramBenefits": 0.2,
      "adjustmentGrantee": -0.08,
      "adjustmentLeverage": -0.008251293564,
      "adjustmentFunging": -0.2369353924
    },
    "drc_haut_katanga": {
      "costPerChildReached": 7.774884,
      "proportionMortalityDuringSeason": 0.7,
      "malariaMortalityRate": 0.003454895225,
      "smcEffect": 0.5952712487,
      "moralWeightUnder5": 116.25262,
      "adjustmentOlderMortalities": 0.07,
      "adjustmentDevelopmental": 0.25,
      "adjustmentProgramBenefits": 0.2,
      "adjustmentGrantee": -0.08,
      "adjustmentLeverage": -0.01325496647,
      "adjustmentFunging": -0.08945215206
    },
    "drc_haut_lomami": {
      "costPerChildReached": 7.774884,
      "proportionMortalityDuringSeason": 0.7,
      "malariaMortalityRate": 0.003711160168,
      "smcEffect": 0.5952712487,
      "moralWeightUnder5": 116.25262,
      "adjustmentOlderMortalities": 0.07,
      "adjustmentDevelopmental": 0.25,
      "adjustmentProgramBenefits": 0.2,
      "adjustmentGrantee": -0.08,
      "adjustmentLeverage": -0.01201759933,
      "adjustmentFunging": -0.09510436685
    },
    "drc_lualaba": {
      "costPerChildReached": 7.774884,
      "proportionMortalityDuringSeason": 0.7,
      "malariaMortalityRate": 0.004094440972,
      "smcEffect": 0.5952712487,
      "moralWeightUnder5": 116.25262,
      "adjustmentOlderMortalities": 0.07,
      "adjustmentDevelopmental": 0.25,
      "adjustmentProgramBenefits": 0.2,
      "adjustmentGrantee": -0.08,
      "adjustmentLeverage": -0.01101204018,
      "adjustmentFunging": -0.09969769741
    },
    "drc_tanganyika": {
      "costPerChildReached": 7.774884,
      "proportionMortalityDuringSeason": 0.7,
      "malariaMortalityRate": 0.004420467179,
      "smcEffect": 0.5952712487,
      "moralWeightUnder5": 116.25262,